<?xml version="1.0" encoding="UTF-8"?>
<project-private xmlns="http://www.netbeans.org/ns/project-private/1">
    <editor-bookmarks xmlns="http://www.netbeans.org/ns/editor-bookmarks/2" lastBookmarkId="0"/>
    <open-files xmlns="http://www.netbeans.org/ns/projectui-open-files/2">
        <group>
            <file>file:/D:/Pranav%20Nalang%20%2024/SEM%20-3/java/sessionservlet/src/java/loginservlet.java</file>
            <file>file:/D:/Pranav%20Nalang%20%2024/SEM%20-3/java/sessionservlet/src/java/homeservlet.java</file>
            <file>file:/D:/Pranav%20Nalang%20%2024/SEM%20-3/java/sessionservlet/web/index.html</file>
            <file>file:/D:/Pranav%20Nalang%20%2024/SEM%20-3/java/sessionservlet/src/java/commonservlet.java</file>
            <file>file:/D:/Pranav%20Nalang%20%2024/SEM%20-3/java/sessionservlet/src/java/adminservlet.java</file>
        </group>
    </open-files>
</project-private>
